{"cameraMode":{"drawMode":0,"name":"Shaded","section":"Shading Mode"},"sceneLighting":true,"audioPlay":false,"sceneViewState":{"showFog":true,"showMaterialUpdate":false,"showSkybox":true,"showFlares":true,"showImageEffects":true,"showParticleSystems":true},"in2DMode":false,"pivot":{"x":-0.036508023738861087,"y":1.423153042793274,"z":0.789068341255188},"rotation":{"x":-0.3843437731266022,"y":-0.5221800804138184,"z":0.2841048240661621,"w":-0.7063446044921875},"size":0.9697859883308411,"orthographic":false}