{"cameraMode":{"drawMode":0,"name":"Shaded","section":"Shading Mode"},"sceneLighting":false,"audioPlay":false,"sceneViewState":{"showFog":true,"showMaterialUpdate":false,"showSkybox":false,"showFlares":true,"showImageEffects":true,"showParticleSystems":true},"in2DMode":false,"pivot":{"x":0.0,"y":1.532098412513733,"z":0.8060307502746582},"rotation":{"x":-0.03598986938595772,"y":-0.014081320725381375,"z":0.0004944050451740623,"w":-0.999281108379364},"size":0.32279932498931887,"orthographic":false}