{"cameraMode":{"drawMode":0,"name":"Shaded","section":"Shading Mode"},"sceneLighting":false,"audioPlay":false,"sceneViewState":{"showFog":true,"showMaterialUpdate":false,"showSkybox":false,"showFlares":true,"showImageEffects":true,"showParticleSystems":true},"in2DMode":false,"pivot":{"x":0.00655597448348999,"y":1.1359750032424927,"z":1.2962985038757325},"rotation":{"x":0.18180936574935914,"y":0.07156656682491303,"z":-0.013314840383827687,"w":0.98069828748703},"size":1164.51806640625,"orthographic":false}