{"cameraMode":{"drawMode":0,"name":"Shaded","section":"Shading Mode"},"sceneLighting":false,"audioPlay":false,"sceneViewState":{"showFog":true,"showMaterialUpdate":false,"showSkybox":false,"showFlares":true,"showImageEffects":true,"showParticleSystems":true},"in2DMode":false,"pivot":{"x":0.026327133178710939,"y":1.8179947137832642,"z":0.765999972820282},"rotation":{"x":-0.1405530720949173,"y":-0.1420539915561676,"z":-0.02036653831601143,"w":0.9796382188796997},"size":0.09573451429605484,"orthographic":false}