{"cameraMode":{"drawMode":0,"name":"Shaded","section":"Shading Mode"},"sceneLighting":false,"audioPlay":false,"sceneViewState":{"showFog":true,"showMaterialUpdate":false,"showSkybox":false,"showFlares":true,"showImageEffects":true,"showParticleSystems":true},"in2DMode":false,"pivot":{"x":10.61981201171875,"y":8.023792266845704,"z":-3.5184943675994875},"rotation":{"x":0.07823446393013,"y":0.008347027003765107,"z":-0.0005005768034607172,"w":0.9969760179519653},"size":2.9647111892700197,"orthographic":false}