{"cameraMode":{"drawMode":0,"name":"Shaded","section":"Shading Mode"},"sceneLighting":false,"audioPlay":false,"sceneViewState":{"showFog":true,"showMaterialUpdate":false,"showSkybox":false,"showFlares":true,"showImageEffects":true,"showParticleSystems":true},"in2DMode":false,"pivot":{"x":-0.14448314905166627,"y":1.9474890232086182,"z":0.8334226012229919},"rotation":{"x":-0.024329936131834985,"y":-0.6707587838172913,"z":-0.02182881347835064,"w":0.7410579323768616},"size":0.9826591610908508,"orthographic":false}