{"cameraMode":{"drawMode":0,"name":"Shaded","section":"Shading Mode"},"sceneLighting":false,"audioPlay":false,"sceneViewState":{"showFog":true,"showMaterialUpdate":false,"showSkybox":false,"showFlares":true,"showImageEffects":true,"showParticleSystems":true},"in2DMode":false,"pivot":{"x":0.016357623040676118,"y":1.532098412513733,"z":0.8289999961853027},"rotation":{"x":0.07592446357011795,"y":-0.07135231792926789,"z":-0.0054977815598249439,"w":-0.9946264028549194},"size":0.32488685846328738,"orthographic":false}