{"cameraMode":{"drawMode":0,"name":"Shaded","section":"Shading Mode"},"sceneLighting":false,"audioPlay":false,"sceneViewState":{"showFog":true,"showMaterialUpdate":false,"showSkybox":false,"showFlares":true,"showImageEffects":true,"showParticleSystems":true},"in2DMode":false,"pivot":{"x":0.07331731915473938,"y":1.151202917098999,"z":1.2838056087493897},"rotation":{"x":0.21202526986598969,"y":0.24556922912597657,"z":-0.05497482046484947,"w":0.944387674331665},"size":1.1224703788757325,"orthographic":false}