{"cameraMode":{"drawMode":0,"name":"Shaded","section":"Shading Mode"},"sceneLighting":false,"audioPlay":false,"sceneViewState":{"showFog":true,"showMaterialUpdate":false,"showSkybox":false,"showFlares":true,"showImageEffects":true,"showParticleSystems":true},"in2DMode":false,"pivot":{"x":0.24317258596420289,"y":1.7575819492340088,"z":0.7900348901748657},"rotation":{"x":0.0689462348818779,"y":-0.005077180918306112,"z":-0.0003636978508438915,"w":-0.9976356625556946},"size":0.5311836004257202,"orthographic":false}